1613403524988,POST,110,200
1613403525100,POST,25,200
1613403525125,POST,25,200
1613403525150,POST,27,200
1613403525177,POST,25,200
1613403525202,POST,26,200
1613403525228,POST,26,200
1613403525255,POST,25,200
1613403525280,POST,26,200
1613403525306,POST,26,200
1613403525332,POST,26,200
1613403525359,POST,25,200
1613403525384,POST,26,200
1613403525410,POST,26,200
1613403525437,POST,25,200
1613403525462,POST,26,200
1613403525488,POST,26,200
1613403525514,POST,26,200
1613403525541,POST,25,200
1613403525566,POST,26,200
1613403525592,POST,30,200
1613403525622,POST,26,200
1613403525648,POST,26,200
1613403525674,POST,26,200
1613403525700,POST,26,200
1613403525726,POST,28,200
1613403525755,POST,25,200
1613403525780,POST,26,200
1613403525806,POST,26,200
1613403525833,POST,26,200
1613403525859,POST,25,200
1613403525884,POST,28,200
1613403525912,POST,26,200
1613403525938,POST,26,200
1613403525964,POST,27,200
1613403525991,POST,25,200
1613403526016,POST,26,200
1613403526042,POST,26,200
1613403526068,POST,27,200
1613403526095,POST,25,200
1613403526120,POST,26,200
1613403526146,POST,28,200
1613403526174,POST,26,200
1613403526201,POST,25,200
1613403526227,POST,25,200
1613403526252,POST,26,200
1613403526278,POST,27,200
1613403526306,POST,25,200
1613403526331,POST,25,200
1613403526356,POST,26,200
1613403526382,POST,26,200
1613403526408,POST,26,200
1613403526434,POST,26,200
1613403526460,POST,26,200
1613403526486,POST,26,200
1613403526512,POST,27,200
1613403526539,POST,25,200
1613403526564,POST,29,200
1613403526593,POST,26,200
1613403526619,POST,25,200
1613403526644,POST,26,200
1613403526670,POST,26,200
1613403526696,POST,26,200
1613403526722,POST,29,200
1613403526752,POST,24,200
1613403526776,POST,26,200
1613403526802,POST,27,200
1613403526829,POST,27,200
1613403526856,POST,29,200
1613403526885,POST,25,200
1613403526911,POST,79,200
1613403526990,POST,24,200
1613403527014,POST,26,200
1613403527040,POST,26,200
1613403527066,POST,26,200
1613403527092,POST,27,200
1613403527119,POST,29,200
1613403527148,POST,26,200
1613403527174,POST,26,200
1613403527200,POST,26,200
1613403527226,POST,26,200
1613403527252,POST,26,200
1613403527278,POST,26,200
1613403527304,POST,26,200
1613403527330,POST,27,200
1613403527357,POST,28,200
1613403527385,POST,25,200
1613403527410,POST,26,200
1613403527437,POST,25,200
1613403527463,POST,25,200
1613403527489,POST,25,200
1613403527514,POST,28,200
1613403527542,POST,27,200
1613403527569,POST,25,200
1613403527594,POST,26,200
1613403527620,POST,26,200
1613403527646,POST,26,200
1613403527672,POST,26,200
1613403527698,POST,26,200
1613403527724,POST,27,200
1613403527751,POST,49,200
1613403527800,POST,26,200
1613403527826,POST,26,200
1613403527852,POST,26,200
1613403527878,POST,26,200
1613403527904,POST,26,200
1613403527930,POST,27,200
1613403527957,POST,25,200
1613403527982,POST,26,200
1613403528008,POST,26,200
1613403528034,POST,27,200
1613403528061,POST,25,200
1613403528086,POST,26,200
1613403528112,POST,26,200
1613403528138,POST,26,200
1613403528164,POST,27,200
1613403528191,POST,25,200
1613403528216,POST,26,200
1613403528242,POST,26,200
1613403528268,POST,26,200
1613403528294,POST,26,200
1613403528320,POST,26,200
1613403528347,POST,32,200
1613403528380,POST,26,200
1613403528406,POST,26,200
1613403528432,POST,26,200
1613403528458,POST,26,200
1613403528484,POST,27,200
1613403528511,POST,25,200
1613403528537,POST,25,200
1613403528562,POST,26,200
1613403528588,POST,26,200
1613403528614,POST,26,200
1613403528640,POST,27,200
1613403528667,POST,25,200
1613403528692,POST,25,200
1613403528717,POST,27,200
1613403528744,POST,27,200
1613403528771,POST,27,200
1613403528798,POST,26,200
1613403528824,POST,27,200
1613403528852,POST,24,200
1613403528876,POST,26,200
1613403528902,POST,26,200
1613403528929,POST,27,200
1613403528956,POST,29,200
1613403528985,POST,25,200
1613403529010,POST,26,200
1613403529036,POST,26,200
1613403529062,POST,27,200
1613403529089,POST,25,200
1613403529114,POST,26,200
1613403529140,POST,26,200
1613403529166,POST,26,200
1613403529192,POST,26,200
1613403529218,POST,26,200
1613403529244,POST,29,200
1613403529273,POST,25,200
1613403529299,POST,25,200
1613403529324,POST,26,200
1613403529350,POST,26,200
1613403529376,POST,28,200
1613403529404,POST,27,200
1613403529431,POST,25,200
1613403529456,POST,28,200
1613403529484,POST,26,200
1613403529510,POST,27,200
1613403529537,POST,28,200
1613403529565,POST,28,200
1613403529593,POST,33,200
1613403529626,POST,24,200
1613403529651,POST,25,200
1613403529676,POST,27,200
1613403529703,POST,25,200
1613403529728,POST,26,200
1613403529754,POST,26,200
1613403529781,POST,25,200
1613403529806,POST,26,200
1613403529832,POST,26,200
1613403529858,POST,26,200
1613403529884,POST,26,200
1613403529887,POST,48,200
1613403529910,POST,26,200
1613403529937,POST,25,200
1613403529936,POST,26,200
1613403529962,POST,29,200
1613403529962,POST,29,200
1613403529991,POST,24,200
1613403529991,POST,25,200
1613403530016,POST,26,200
1613403530016,POST,26,200
1613403530042,POST,26,200
1613403530042,POST,26,200
1613403530068,POST,30,200
1613403530068,POST,30,200
1613403530099,POST,24,200
1613403530099,POST,25,200
1613403530124,POST,25,200
1613403530124,POST,26,200
1613403530150,POST,26,200
1613403530150,POST,26,200
1613403530176,POST,25,200
1613403530176,POST,26,200
1613403530202,POST,25,200
1613403530202,POST,26,200
1613403530227,POST,26,200
1613403530228,POST,26,200
1613403530254,POST,26,200
1613403530254,POST,26,200
1613403530280,POST,26,200
1613403530280,POST,26,200
1613403530306,POST,26,200
1613403530306,POST,27,200
1613403530332,POST,27,200
1613403530333,POST,26,200
1613403530359,POST,27,200
1613403530359,POST,27,200
1613403530387,POST,25,200
1613403530387,POST,25,200
1613403530412,POST,28,200
1613403530441,POST,23,200
1613403530413,POST,51,200
1613403530464,POST,30,200
1613403530464,POST,30,200
1613403530495,POST,25,200
1613403530494,POST,26,200
1613403530520,POST,26,200
1613403530520,POST,26,200
1613403530546,POST,26,200
1613403530546,POST,26,200
1613403530572,POST,24,200
1613403530572,POST,24,200
1613403530597,POST,25,200
1613403530596,POST,27,200
1613403530623,POST,25,200
1613403530622,POST,26,200
1613403530649,POST,21,200
1613403530649,POST,21,200
1613403530671,POST,25,200
1613403530671,POST,25,200
1613403530696,POST,24,200
1613403530697,POST,23,200
1613403530720,POST,28,200
1613403530720,POST,28,200
1613403530748,POST,28,200
1613403530749,POST,27,200
1613403530777,POST,22,200
1613403530776,POST,23,200
1613403530800,POST,25,200
1613403530800,POST,25,200
1613403530825,POST,24,200
1613403530826,POST,24,200
1613403530850,POST,25,200
1613403530850,POST,25,200
1613403530875,POST,26,200
1613403530876,POST,26,200
1613403530902,POST,26,200
1613403530902,POST,26,200
1613403530928,POST,28,200
1613403530929,POST,27,200
1613403530956,POST,25,200
1613403530956,POST,26,200
1613403530982,POST,25,200
1613403530982,POST,26,200
1613403531008,POST,26,200
1613403531008,POST,26,200
1613403531034,POST,26,200
1613403531034,POST,26,200
1613403531060,POST,27,200
1613403531061,POST,27,200
1613403531088,POST,25,200
1613403531088,POST,25,200
1613403531114,POST,21,200
1613403531114,POST,25,200
1613403531135,POST,24,200
1613403531139,POST,24,200
1613403531160,POST,23,200
1613403531164,POST,24,200
1613403531184,POST,27,200
1613403531188,POST,27,200
1613403531212,POST,25,200
1613403531215,POST,22,200
1613403531237,POST,26,200
1613403531238,POST,25,200
1613403531263,POST,25,200
1613403531263,POST,25,200
1613403531288,POST,26,200
1613403531288,POST,26,200
1613403531314,POST,26,200
1613403531314,POST,26,200
1613403531340,POST,26,200
1613403531340,POST,26,200
1613403531366,POST,26,200
1613403531366,POST,26,200
1613403531392,POST,26,200
1613403531392,POST,26,200
1613403531418,POST,28,200
1613403531418,POST,29,200
1613403531447,POST,25,200
1613403531447,POST,25,200
1613403531472,POST,29,200
1613403531472,POST,29,200
1613403531501,POST,25,200
1613403531501,POST,25,200
1613403531526,POST,30,200
1613403531526,POST,30,200
1613403531556,POST,26,200
1613403531556,POST,26,200
1613403531582,POST,28,200
1613403531582,POST,28,200
1613403531610,POST,28,200
1613403531610,POST,28,200
1613403531638,POST,26,200
1613403531638,POST,26,200
1613403531664,POST,27,200
1613403531664,POST,27,200
1613403531691,POST,23,200
1613403531691,POST,23,200
1613403531714,POST,24,200
1613403531714,POST,24,200
1613403531739,POST,25,200
1613403531739,POST,25,200
1613403531764,POST,27,200
1613403531764,POST,28,200
1613403531792,POST,25,200
1613403531792,POST,25,200
1613403531818,POST,30,200
1613403531818,POST,30,200
1613403531848,POST,23,200
1613403531848,POST,23,200
1613403531872,POST,26,200
1613403531872,POST,26,200
1613403531898,POST,31,200
1613403531898,POST,31,200
1613403531929,POST,25,200
1613403531929,POST,25,200
1613403531955,POST,24,200
1613403531954,POST,26,200
1613403531980,POST,25,200
1613403531980,POST,25,200
1613403532006,POST,25,200
1613403532006,POST,25,200
1613403532032,POST,27,200
1613403532032,POST,27,200
1613403532059,POST,24,200
1613403532059,POST,25,200
1613403532083,POST,24,200
1613403532084,POST,23,200
1613403532108,POST,25,200
1613403532108,POST,25,200
1613403532134,POST,25,200
1613403532134,POST,25,200
1613403532160,POST,25,200
1613403532160,POST,26,200
1613403532186,POST,26,200
1613403532186,POST,26,200
1613403532212,POST,29,200
1613403532212,POST,29,200
1613403532241,POST,25,200
1613403532241,POST,25,200
1613403532266,POST,26,200
1613403532266,POST,26,200
1613403532292,POST,25,200
1613403532292,POST,25,200
1613403532318,POST,23,200
1613403532318,POST,23,200
1613403532342,POST,23,200
1613403532342,POST,24,200
1613403532366,POST,30,200
1613403532366,POST,30,200
1613403532396,POST,25,200
1613403532396,POST,25,200
1613403532422,POST,27,200
1613403532422,POST,27,200
1613403532450,POST,24,200
1613403532449,POST,25,200
1613403532474,POST,26,200
1613403532474,POST,26,200
1613403532500,POST,25,200
1613403532500,POST,26,200
1613403532526,POST,28,200
1613403532554,POST,24,200
1613403532526,POST,52,200
1613403532578,POST,26,200
1613403532578,POST,27,200
1613403532604,POST,27,200
1613403532605,POST,26,200
1613403532631,POST,26,200
1613403532631,POST,26,200
1613403532658,POST,22,200
1613403532658,POST,22,200
1613403532680,POST,27,200
1613403532680,POST,27,200
1613403532707,POST,25,200
1613403532707,POST,25,200
1613403532732,POST,26,200
1613403532732,POST,26,200
1613403532758,POST,26,200
1613403532758,POST,26,200
1613403532784,POST,27,200
1613403532784,POST,27,200
1613403532811,POST,23,200
1613403532811,POST,23,200
1613403532834,POST,26,200
1613403532834,POST,26,200
1613403532860,POST,26,200
1613403532860,POST,26,200
1613403532886,POST,25,200
1613403532886,POST,26,200
1613403532912,POST,24,200
1613403532912,POST,24,200
1613403532936,POST,26,200
1613403532936,POST,26,200
1613403532962,POST,26,200
1613403532962,POST,26,200
1613403532988,POST,26,200
1613403532988,POST,26,200
1613403533014,POST,26,200
1613403533014,POST,26,200
1613403533040,POST,26,200
1613403533067,POST,26,200
1613403533040,POST,53,200
1613403533046,POST,53,200
1613403533043,POST,56,200
1613403533048,POST,51,200
1613403533093,POST,23,200
1613403533094,POST,23,200
1613403533099,POST,25,200
1613403533100,POST,24,200
1613403533099,POST,25,200
1613403533116,POST,26,200
1613403533117,POST,29,200
1613403533124,POST,25,200
1613403533124,POST,26,200
1613403533124,POST,27,200
1613403533142,POST,26,200
1613403533146,POST,28,200
1613403533150,POST,27,200
1613403533150,POST,28,200
1613403533151,POST,27,200
1613403533168,POST,26,200
1613403533174,POST,24,200
1613403533178,POST,24,200
1613403533178,POST,24,200
1613403533179,POST,23,200
1613403533194,POST,24,200
1613403533202,POST,23,200
1613403533202,POST,24,200
1613403533202,POST,24,200
1613403533198,POST,29,200
1613403533218,POST,26,200
1613403533226,POST,21,200
1613403533226,POST,25,200
1613403533226,POST,25,200
1613403533227,POST,25,200
1613403533244,POST,26,200
1613403533252,POST,21,200
1613403533248,POST,25,200
1613403533252,POST,26,200
1613403533253,POST,25,200
1613403533274,POST,22,200
1613403533270,POST,26,200
1613403533274,POST,26,200
1613403533278,POST,23,200
1613403533279,POST,22,200
1613403533296,POST,26,200
1613403533300,POST,22,200
1613403533297,POST,25,200
1613403533301,POST,27,200
1613403533301,POST,28,200
1613403533322,POST,30,200
1613403533322,POST,30,200
1613403533328,POST,30,200
1613403533323,POST,35,200
1613403533329,POST,30,200
1613403533352,POST,26,200
1613403533353,POST,29,200
1613403533358,POST,24,200
1613403533358,POST,25,200
1613403533359,POST,24,200
1613403533382,POST,22,200
1613403533378,POST,26,200
1613403533383,POST,28,200
1613403533383,POST,28,200
1613403533384,POST,27,200
1613403533404,POST,26,200
1613403533404,POST,30,200
1613403533411,POST,23,200
1613403533411,POST,23,200
1613403533412,POST,23,200
1613403533434,POST,22,200
1613403533431,POST,25,200
1613403533435,POST,26,200
1613403533435,POST,26,200
1613403533435,POST,27,200
1613403533456,POST,24,200
1613403533456,POST,28,200
1613403533461,POST,23,200
1613403533461,POST,23,200
1613403533462,POST,24,200
1613403533484,POST,22,200
1613403533480,POST,26,200
1613403533485,POST,27,200
1613403533485,POST,27,200
1613403533486,POST,27,200
1613403533507,POST,29,200
1613403533506,POST,30,200
1613403533512,POST,25,200
1613403533513,POST,24,200
1613403533513,POST,24,200
1613403533536,POST,26,200
1613403533536,POST,26,200
1613403533537,POST,25,200
1613403533537,POST,25,200
1613403533537,POST,27,200
1613403533562,POST,26,200
1613403533562,POST,26,200
1613403533563,POST,25,200
1613403533563,POST,26,200
1613403533564,POST,26,200
1613403533589,POST,27,200
1613403533588,POST,28,200
1613403533589,POST,28,200
1613403533589,POST,28,200
1613403533591,POST,27,200
1613403533616,POST,26,200
1613403533616,POST,26,200
1613403533617,POST,26,200
1613403533617,POST,26,200
1613403533618,POST,26,200
1613403533642,POST,27,200
1613403533643,POST,26,200
1613403533644,POST,25,200
1613403533643,POST,26,200
1613403533643,POST,26,200
1613403533669,POST,26,200
1613403533669,POST,26,200
1613403533670,POST,25,200
1613403533670,POST,26,200
1613403533670,POST,26,200
1613403533695,POST,27,200
1613403533696,POST,26,200
1613403533695,POST,27,200
1613403533697,POST,26,200
1613403533697,POST,26,200
1613403533723,POST,25,200
1613403533722,POST,26,200
1613403533723,POST,25,200
1613403533723,POST,25,200
1613403533723,POST,26,200
1613403533748,POST,26,200
1613403533748,POST,26,200
1613403533749,POST,26,200
1613403533749,POST,26,200
1613403533749,POST,26,200
1613403533774,POST,26,200
1613403533774,POST,26,200
1613403533775,POST,26,200
1613403533775,POST,26,200
1613403533776,POST,29,200
1613403533801,POST,25,200
1613403533801,POST,25,200
1613403533801,POST,26,200
1613403533805,POST,26,200
1613403533802,POST,30,200
1613403533826,POST,26,200
1613403533826,POST,26,200
1613403533831,POST,25,200
1613403533827,POST,29,200
1613403533832,POST,25,200
1613403533852,POST,26,200
1613403533856,POST,22,200
1613403533852,POST,26,200
1613403533856,POST,26,200
1613403533857,POST,25,200
1613403533878,POST,26,200
1613403533878,POST,26,200
1613403533882,POST,22,200
1613403533878,POST,26,200
1613403533882,POST,26,200
1613403533904,POST,26,200
1613403533904,POST,26,200
1613403533904,POST,27,200
1613403533905,POST,26,200
1613403533908,POST,28,200
1613403533931,POST,25,200
1613403533931,POST,25,200
1613403533931,POST,25,200
1613403533931,POST,29,200
1613403533936,POST,24,200
1613403533956,POST,26,200
1613403533956,POST,26,200
1613403533957,POST,25,200
1613403533960,POST,26,200
1613403533961,POST,25,200
1613403533982,POST,29,200
1613403533982,POST,29,200
1613403533982,POST,29,200
1613403533986,POST,25,200
1613403533986,POST,26,200
1613403534011,POST,27,200
1613403534012,POST,26,200
1613403534012,POST,27,200
1613403534011,POST,28,200
1613403534012,POST,32,200
1613403534038,POST,28,200
1613403534039,POST,27,200
1613403534039,POST,27,200
1613403534039,POST,30,200
1613403534045,POST,25,200
1613403534066,POST,26,200
1613403534066,POST,26,200
1613403534067,POST,25,200
1613403534069,POST,24,200
1613403534070,POST,26,200
1613403534092,POST,27,200
1613403534093,POST,26,200
1613403534092,POST,27,200
1613403534093,POST,30,200
1613403534097,POST,27,200
1613403534119,POST,26,200
1613403534120,POST,25,200
1613403534123,POST,26,200
1613403534120,POST,30,200
1613403534124,POST,27,200
1613403534145,POST,27,200
1613403534145,POST,27,200
1613403534149,POST,27,200
1613403534150,POST,26,200
1613403534151,POST,25,200
1613403534172,POST,26,200
1613403534172,POST,27,200
1613403534176,POST,26,200
1613403534177,POST,25,200
1613403534177,POST,29,200
1613403534198,POST,28,200
1613403534199,POST,28,200
1613403534202,POST,26,200
1613403534203,POST,29,200
1613403534206,POST,26,200
1613403534226,POST,30,200
1613403534228,POST,28,200
1613403534227,POST,29,200
1613403534232,POST,25,200
1613403534232,POST,25,200
1613403534256,POST,27,200
1613403534256,POST,27,200
1613403534257,POST,26,200
1613403534256,POST,27,200
1613403534257,POST,26,200
1613403534283,POST,25,200
1613403534283,POST,25,200
1613403534283,POST,25,200
1613403534283,POST,25,200
1613403534284,POST,25,200
1613403534309,POST,25,200
1613403534309,POST,25,200
1613403534308,POST,26,200
1613403534309,POST,30,200
1613403534309,POST,31,200
1613403534334,POST,26,200
1613403534334,POST,26,200
1613403534334,POST,29,200
1613403534339,POST,25,200
1613403534340,POST,25,200
1613403534360,POST,26,200
1613403534363,POST,23,200
1613403534360,POST,26,200
1613403534365,POST,25,200
1613403534364,POST,32,200
1613403534386,POST,26,200
1613403534386,POST,26,200
1613403534386,POST,26,200
1613403534390,POST,26,200
1613403534396,POST,24,200
1613403534412,POST,24,200
1613403534412,POST,24,200
1613403534412,POST,28,200
1613403534416,POST,24,200
1613403534420,POST,24,200
1613403534436,POST,24,200
1613403534436,POST,29,200
1613403534440,POST,26,200
1613403534444,POST,26,200
1613403534441,POST,29,200
1613403534460,POST,25,200
1613403534465,POST,25,200
1613403534466,POST,28,200
1613403534470,POST,24,200
1613403534470,POST,24,200
1613403534485,POST,27,200
1613403534490,POST,25,200
1613403534495,POST,27,200
1613403534494,POST,28,200
1613403534495,POST,29,200
1613403534512,POST,25,200
1613403534516,POST,21,200
1613403534522,POST,29,200
1613403534522,POST,29,200
1613403534524,POST,32,200
1613403534538,POST,21,200
1613403534538,POST,21,200
1613403534551,POST,25,200
1613403534551,POST,29,200
1613403534556,POST,24,200
1613403534560,POST,24,200
1613403534560,POST,27,200
1613403534576,POST,28,200
1613403534580,POST,24,200
1613403534585,POST,22,200
1613403534580,POST,28,200
1613403534587,POST,24,200
1613403534604,POST,26,200
1613403534604,POST,26,200
1613403534607,POST,26,200
1613403534611,POST,22,200
1613403534608,POST,26,200
1613403534634,POST,22,200
1613403534630,POST,26,200
1613403534630,POST,26,200
1613403534634,POST,25,200
1613403534635,POST,25,200
1613403534656,POST,28,200
1613403534656,POST,28,200
1613403534656,POST,28,200
1613403534660,POST,25,200
1613403534660,POST,26,200
1613403534684,POST,22,200
1613403534684,POST,22,200
1613403534685,POST,24,200
1613403534684,POST,26,200
1613403534687,POST,27,200
1613403534709,POST,30,200
1613403534706,POST,33,200
1613403534710,POST,30,200
1613403534706,POST,34,200
1613403534714,POST,28,200
1613403534739,POST,25,200
1613403534740,POST,24,200
1613403534740,POST,24,200
1613403534740,POST,24,200
1613403534742,POST,24,200
1613403534764,POST,26,200
1613403534764,POST,26,200
1613403534765,POST,25,200
1613403534764,POST,26,200
1613403534766,POST,25,200
1613403534790,POST,26,200
1613403534790,POST,26,200
1613403534790,POST,26,200
1613403534790,POST,27,200
1613403534791,POST,27,200
1613403534816,POST,22,200
1613403534817,POST,25,200
1613403534817,POST,25,200
1613403534817,POST,25,200
1613403534818,POST,26,200
1613403534838,POST,30,200
1613403534842,POST,26,200
1613403534843,POST,25,200
1613403534843,POST,25,200
1613403534844,POST,26,200
1613403534868,POST,26,200
1613403534868,POST,27,200
1613403534868,POST,26,200
1613403534869,POST,26,200
1613403534870,POST,26,200
1613403534895,POST,27,200
1613403534895,POST,27,200
1613403534895,POST,27,200
1613403534895,POST,28,200
1613403534896,POST,28,200
1613403534922,POST,27,200
1613403534922,POST,27,200
1613403534923,POST,27,200
1613403534924,POST,26,200
1613403534923,POST,27,200
1613403534949,POST,25,200
1613403534950,POST,24,200
1613403534949,POST,25,200
1613403534950,POST,25,200
1613403534950,POST,25,200
1613403534974,POST,26,200
1613403534975,POST,25,200
1613403534974,POST,27,200
1613403534975,POST,26,200
1613403534975,POST,28,200
1613403535000,POST,27,200
1613403535000,POST,27,200
1613403535001,POST,26,200
1613403535001,POST,26,200
1613403535003,POST,25,200
1613403535027,POST,26,200
1613403535027,POST,26,200
1613403535027,POST,26,200
1613403535028,POST,26,200
1613403535028,POST,26,200
1613403535054,POST,26,200
1613403535053,POST,27,200
1613403535054,POST,27,200
1613403535055,POST,26,200
1613403535055,POST,31,200
1613403535081,POST,27,200
1613403535080,POST,28,200
1613403535081,POST,27,200
1613403535081,POST,27,200
1613403535087,POST,27,200
1613403535108,POST,29,200
1613403535108,POST,29,200
1613403535109,POST,28,200
1613403535109,POST,31,200
1613403535115,POST,26,200
1613403535137,POST,25,200
1613403535138,POST,24,200
1613403535137,POST,25,200
1613403535140,POST,23,200
1613403535141,POST,23,200
1613403535162,POST,24,200
1613403535163,POST,27,200
1613403535163,POST,27,200
1613403535163,POST,28,200
1613403535164,POST,27,200
1613403535190,POST,26,200
1613403535186,POST,30,200
1613403535191,POST,26,200
1613403535192,POST,26,200
1613403535191,POST,51,200
1613403535216,POST,26,200
1613403535216,POST,27,200
1613403535217,POST,26,200
1613403535218,POST,25,200
1613403535242,POST,26,200
1613403535243,POST,26,200
1613403535242,POST,26,200
1613403535243,POST,27,200
1613403535243,POST,28,200
1613403535269,POST,26,200
1613403535269,POST,26,200
1613403535271,POST,25,200
1613403535269,POST,26,200
1613403535270,POST,26,200
1613403535295,POST,25,200
1613403535296,POST,24,200
1613403535296,POST,25,200
1613403535297,POST,26,200
1613403535298,POST,26,200
1613403535320,POST,25,200
1613403535320,POST,25,200
1613403535324,POST,26,200
1613403535324,POST,26,200
1613403535321,POST,29,200
1613403535346,POST,26,200
1613403535350,POST,22,200
1613403535346,POST,26,200
1613403535350,POST,22,200
1613403535350,POST,26,200
1613403535372,POST,27,200
1613403535372,POST,27,200
1613403535372,POST,27,200
1613403535373,POST,27,200
1613403535376,POST,24,200
1613403535399,POST,25,200
1613403535400,POST,24,200
1613403535400,POST,24,200
1613403535400,POST,24,200
1613403535400,POST,25,200
1613403535425,POST,26,200
1613403535424,POST,27,200
1613403535424,POST,27,200
1613403535425,POST,26,200
1613403535425,POST,27,200
1613403535452,POST,24,200
1613403535452,POST,24,200
1613403535451,POST,25,200
1613403535452,POST,24,200
1613403535452,POST,25,200
1613403535476,POST,26,200
1613403535476,POST,26,200
1613403535476,POST,26,200
1613403535477,POST,26,200
1613403535478,POST,25,200
1613403535502,POST,26,200
1613403535502,POST,26,200
1613403535502,POST,26,200
1613403535503,POST,26,200
1613403535503,POST,26,200
1613403535528,POST,26,200
1613403535528,POST,26,200
1613403535528,POST,26,200
1613403535529,POST,25,200
1613403535529,POST,26,200
1613403535554,POST,26,200
1613403535554,POST,26,200
1613403535554,POST,26,200
1613403535554,POST,26,200
1613403535555,POST,26,200
1613403535580,POST,26,200
1613403535580,POST,26,200
1613403535580,POST,26,200
1613403535581,POST,25,200
1613403535581,POST,26,200
1613403535606,POST,27,200
1613403535606,POST,27,200
1613403535606,POST,27,200
1613403535607,POST,27,200
1613403535607,POST,27,200
1613403535634,POST,24,200
1613403535634,POST,24,200
1613403535633,POST,25,200
1613403535634,POST,24,200
1613403535635,POST,24,200
1613403535658,POST,26,200
1613403535658,POST,26,200
1613403535659,POST,27,200
1613403535658,POST,28,200
1613403535659,POST,27,200
1613403535684,POST,21,200
1613403535686,POST,25,200
1613403535686,POST,25,200
1613403535705,POST,24,200
1613403535686,POST,49,200
1613403535684,POST,57,200
1613403535730,POST,30,200
1613403535735,POST,26,200
1613403535712,POST,54,200
1613403535711,POST,55,200
1613403535741,POST,26,200
1613403535760,POST,25,200
1613403535766,POST,24,200
1613403535766,POST,24,200
1613403535761,POST,29,200
1613403535767,POST,24,200
1613403535785,POST,24,200
1613403535790,POST,24,200
1613403535790,POST,24,200
1613403535791,POST,23,200
1613403535791,POST,24,200
1613403535809,POST,24,200
1613403535814,POST,24,200
1613403535814,POST,24,200
1613403535814,POST,24,200
1613403535815,POST,27,200
1613403535833,POST,24,200
1613403535838,POST,24,200
1613403535838,POST,24,200
1613403535839,POST,27,200
1613403535842,POST,25,200
1613403535857,POST,24,200
1613403535862,POST,24,200
1613403535862,POST,28,200
1613403535866,POST,24,200
1613403535867,POST,24,200
1613403535882,POST,25,200
1613403535886,POST,25,200
1613403535890,POST,26,200
1613403535890,POST,26,200
1613403535891,POST,26,200
1613403535908,POST,23,200
1613403535916,POST,24,200
1613403535912,POST,29,200
1613403535916,POST,25,200
1613403535917,POST,25,200
1613403535932,POST,21,200
1613403535940,POST,26,200
1613403535941,POST,25,200
1613403535941,POST,26,200
1613403535942,POST,25,200
1613403535954,POST,26,200
1613403535966,POST,26,200
1613403535966,POST,26,200
1613403535967,POST,25,200
1613403535968,POST,26,200
1613403535980,POST,26,200
1613403535992,POST,26,200
1613403535992,POST,26,200
1613403535993,POST,26,200
1613403535994,POST,25,200
1613403536007,POST,24,200
1613403536018,POST,22,200
1613403536019,POST,25,200
1613403536019,POST,25,200
1613403536019,POST,26,200
1613403536031,POST,26,200
1613403536040,POST,28,200
1613403536044,POST,24,200
1613403536044,POST,25,200
1613403536045,POST,24,200
1613403536057,POST,29,200
1613403536068,POST,26,200
1613403536068,POST,26,200
1613403536069,POST,25,200
1613403536069,POST,26,200
1613403536086,POST,25,200
1613403536094,POST,26,200
1613403536095,POST,25,200
1613403536095,POST,25,200
1613403536095,POST,26,200
1613403536111,POST,26,200
1613403536120,POST,26,200
1613403536120,POST,26,200
1613403536121,POST,25,200
1613403536121,POST,26,200
1613403536137,POST,24,200
1613403536147,POST,30,200
1613403536146,POST,31,200
1613403536147,POST,30,200
1613403536147,POST,31,200
1613403536161,POST,24,200
1613403536177,POST,27,200
1613403536177,POST,27,200
1613403536177,POST,27,200
1613403536185,POST,22,200
1613403536178,POST,31,200
1613403536204,POST,26,200
1613403536205,POST,25,200
1613403536204,POST,26,200
1613403536207,POST,26,200
1613403536209,POST,26,200
1613403536231,POST,25,200
1613403536230,POST,26,200
1613403536230,POST,26,200
1613403536233,POST,26,200
1613403536235,POST,26,200
1613403536256,POST,26,200
1613403536256,POST,26,200
1613403536257,POST,25,200
1613403536259,POST,26,200
1613403536261,POST,25,200
1613403536282,POST,29,200
1613403536285,POST,27,200
1613403536282,POST,30,200
1613403536283,POST,29,200
1613403536287,POST,28,200
1613403536312,POST,26,200
1613403536311,POST,27,200
1613403536312,POST,26,200
1613403536312,POST,28,200
1613403536315,POST,25,200
1613403536338,POST,26,200
1613403536339,POST,25,200
1613403536339,POST,26,200
1613403536340,POST,25,200
1613403536340,POST,25,200
1613403536364,POST,26,200
1613403536365,POST,26,200
1613403536366,POST,25,200
1613403536365,POST,26,200
1613403536366,POST,26,200
1613403536390,POST,26,200
1613403536391,POST,25,200
1613403536391,POST,26,200
1613403536391,POST,26,200
1613403536392,POST,26,200
1613403536416,POST,26,200
1613403536417,POST,25,200
1613403536417,POST,25,200
1613403536417,POST,26,200
1613403536418,POST,25,200
1613403536442,POST,29,200
1613403536443,POST,28,200
1613403536443,POST,28,200
1613403536443,POST,29,200
1613403536444,POST,28,200
1613403536471,POST,26,200
1613403536471,POST,26,200
1613403536472,POST,25,200
1613403536471,POST,26,200
1613403536473,POST,25,200
1613403536497,POST,26,200
1613403536498,POST,25,200
1613403536498,POST,25,200
1613403536497,POST,26,200
1613403536498,POST,25,200
1613403536523,POST,26,200
1613403536523,POST,26,200
1613403536523,POST,26,200
1613403536524,POST,26,200
1613403536524,POST,26,200
1613403536549,POST,27,200
1613403536549,POST,28,200
1613403536550,POST,27,200
1613403536550,POST,27,200
1613403536550,POST,29,200
1613403536577,POST,24,200
1613403536577,POST,24,200
1613403536577,POST,24,200
1613403536578,POST,23,200
1613403536579,POST,28,200
1613403536601,POST,26,200
1613403536602,POST,25,200
1613403536601,POST,26,200
1613403536602,POST,31,200
1613403536607,POST,26,200
1613403536627,POST,29,200
1613403536627,POST,29,200
1613403536627,POST,33,200
1613403536633,POST,28,200
1613403536634,POST,27,200
1613403536656,POST,26,200
1613403536656,POST,27,200
1613403536660,POST,28,200
1613403536661,POST,28,200
1613403536662,POST,27,200
1613403536682,POST,25,200
1613403536688,POST,25,200
1613403536683,POST,30,200
1613403536689,POST,24,200
1613403536690,POST,29,200
1613403536707,POST,29,200
1613403536713,POST,23,200
1613403536713,POST,23,200
1613403536713,POST,24,200
1613403536719,POST,26,200
1613403536736,POST,26,200
1613403536737,POST,25,200
1613403536737,POST,26,200
1613403536737,POST,26,200
1613403536745,POST,32,200
1613403536762,POST,26,200
1613403536763,POST,26,200
1613403536763,POST,26,200
1613403536763,POST,31,200
1613403536777,POST,29,200
1613403536788,POST,25,200
1613403536789,POST,25,200
1613403536789,POST,28,200
1613403536794,POST,28,200
1613403536807,POST,24,200
1613403536814,POST,26,200
1613403536814,POST,26,200
1613403536817,POST,27,200
1613403536822,POST,22,200
1613403536840,POST,23,200
1613403536831,POST,32,200
1613403536840,POST,34,200
1613403536844,POST,30,200
1613403536844,POST,30,200
1613403536863,POST,32,200
1613403536874,POST,26,200
1613403536874,POST,26,200
1613403536874,POST,26,200
1613403536863,POST,39,200
1613403536896,POST,26,200
1613403536900,POST,28,200
1613403536900,POST,28,200
1613403536901,POST,28,200
1613403536902,POST,30,200
1613403536922,POST,28,200
1613403536928,POST,28,200
1613403536928,POST,28,200
1613403536929,POST,28,200
1613403536933,POST,28,200
1613403536951,POST,24,200
1613403536956,POST,25,200
1613403536956,POST,25,200
1613403536957,POST,32,200
1613403536961,POST,28,200
1613403536975,POST,22,200
1613403536982,POST,24,200
1613403536981,POST,25,200
1613403536989,POST,25,200
1613403536989,POST,30,200
1613403536997,POST,24,200
1613403537006,POST,26,200
1613403537006,POST,26,200
1613403537014,POST,26,200
1613403537021,POST,24,200
1613403537019,POST,30,200
1613403537032,POST,26,200
1613403537032,POST,29,200
1613403537040,POST,26,200
1613403537045,POST,31,200
1613403537049,POST,28,200
1613403537058,POST,26,200
1613403537062,POST,25,200
1613403537067,POST,29,200
1613403537076,POST,23,200
1613403537077,POST,27,200
1613403537084,POST,23,200
1613403537088,POST,23,200
1613403537096,POST,28,200
1613403537099,POST,29,200
1613403537105,POST,28,200
1613403537108,POST,31,200
1613403537112,POST,27,200
1613403537128,POST,23,200
1613403537124,POST,27,200
1613403537134,POST,26,200
1613403537139,POST,26,200
1613403537139,POST,26,200
1613403537151,POST,25,200
1613403537151,POST,26,200
1613403537161,POST,27,200
1613403537165,POST,28,200
1613403537166,POST,27,200
1613403537176,POST,27,200
1613403537177,POST,27,200
1613403537188,POST,28,200
1613403537193,POST,30,200
1613403537193,POST,30,200
1613403537203,POST,30,200
1613403537205,POST,29,200
1613403537216,POST,27,200
1613403537223,POST,26,200
1613403537223,POST,26,200
1613403537233,POST,26,200
1613403537234,POST,26,200
1613403537249,POST,25,200
1613403537243,POST,32,200
1613403537250,POST,27,200
1613403537259,POST,23,200
1613403537260,POST,29,200
1613403537274,POST,26,200
1613403537278,POST,25,200
1613403537275,POST,31,200
1613403537282,POST,26,200
1613403537289,POST,29,200
1613403537300,POST,32,200
1613403537304,POST,28,200
1613403537308,POST,27,200
1613403537306,POST,31,200
1613403537318,POST,26,200
1613403537336,POST,25,200
1613403537333,POST,29,200
1613403537333,POST,29,200
1613403537337,POST,30,200
1613403537344,POST,28,200
1613403537361,POST,27,200
1613403537362,POST,27,200
1613403537362,POST,31,200
1613403537367,POST,28,200
1613403537372,POST,26,200
1613403537389,POST,24,200
1613403537394,POST,25,200
1613403537389,POST,30,200
1613403537398,POST,26,200
1613403537395,POST,30,200
1613403537414,POST,23,200
1613403537419,POST,24,200
1613403537419,POST,30,200
1613403537424,POST,26,200
1613403537425,POST,26,200
1613403537437,POST,27,200
1613403537443,POST,30,200
1613403537449,POST,24,200
1613403537450,POST,28,200
1613403537451,POST,28,200
1613403537464,POST,31,200
1613403537473,POST,22,200
1613403537473,POST,27,200
1613403537479,POST,25,200
1613403537479,POST,26,200
1613403537495,POST,26,200
1613403537500,POST,27,200
1613403537496,POST,31,200
1613403537504,POST,28,200
1613403537505,POST,29,200
1613403537521,POST,18,200
1613403537528,POST,26,200
1613403537528,POST,26,200
1613403537532,POST,26,200
1613403537540,POST,22,200
1613403537534,POST,30,200
1613403537554,POST,27,200
1613403537554,POST,33,200
1613403537559,POST,28,200
1613403537562,POST,31,200
1613403537564,POST,30,200
1613403537581,POST,28,200
1613403537587,POST,24,200
1613403537588,POST,24,200
1613403537593,POST,28,200
1613403537594,POST,28,200
1613403537609,POST,25,200
1613403537612,POST,22,200
1613403537611,POST,23,200
1613403537621,POST,25,200
1613403537623,POST,25,200
1613403537634,POST,26,200
1613403537635,POST,25,200
1613403537635,POST,25,200
1613403537646,POST,29,200
1613403537648,POST,30,200
1613403537660,POST,26,200
1613403537660,POST,27,200
1613403537661,POST,26,200
1613403537676,POST,25,200
1613403537678,POST,25,200
1613403537686,POST,26,200
1613403537687,POST,25,200
1613403537687,POST,25,200
1613403537702,POST,27,200
1613403537703,POST,27,200
1613403537712,POST,28,200
1613403537712,POST,28,200
1613403537712,POST,28,200
1613403537729,POST,26,200
1613403537730,POST,27,200
1613403537740,POST,27,200
1613403537741,POST,26,200
1613403537740,POST,27,200
1613403537756,POST,26,200
1613403537757,POST,26,200
1613403537767,POST,29,200
1613403537768,POST,28,200
1613403537767,POST,30,200
1613403537782,POST,26,200
1613403537783,POST,26,200
1613403537796,POST,27,200
1613403537797,POST,26,200
1613403537797,POST,26,200
1613403537809,POST,24,200
1613403537823,POST,26,200
1613403537823,POST,26,200
1613403537824,POST,25,200
1613403537808,POST,54,200
1613403537834,POST,30,200
1613403537850,POST,27,200
1613403537849,POST,28,200
1613403537850,POST,28,200
1613403537862,POST,27,200
1613403537864,POST,25,200
1613403537878,POST,24,200
1613403537878,POST,24,200
1613403537878,POST,25,200
1613403537889,POST,26,200
1613403537889,POST,26,200
1613403537903,POST,26,200
1613403537915,POST,27,200
1613403537915,POST,26,200
1613403537902,POST,27,200
1613403537903,POST,26,200
1613403537946,POST,25,200
1613403537945,POST,26,200
1613403537945,POST,27,200
1613403537946,POST,26,200
1613403537945,POST,27,200
1613403537972,POST,26,200
1613403537971,POST,27,200
1613403537972,POST,27,200
1613403537972,POST,27,200
1613403537972,POST,28,200
1613403537999,POST,25,200
1613403537999,POST,25,200
1613403537999,POST,26,200
1613403537999,POST,26,200
1613403538000,POST,27,200
1613403538025,POST,25,200
1613403538025,POST,27,200
1613403538025,POST,27,200
1613403538026,POST,26,200
1613403538027,POST,26,200
1613403538052,POST,26,200
1613403538050,POST,28,200
1613403538053,POST,25,200
1613403538052,POST,26,200
1613403538053,POST,27,200
1613403538078,POST,26,200
1613403538078,POST,26,200
1613403538079,POST,26,200
1613403538079,POST,26,200
1613403538081,POST,25,200
1613403538105,POST,25,200
1613403538105,POST,25,200
1613403538105,POST,26,200
1613403538105,POST,26,200
1613403538106,POST,26,200
1613403538131,POST,26,200
1613403538131,POST,26,200
1613403538131,POST,27,200
1613403538131,POST,26,200
1613403538132,POST,27,200
1613403538158,POST,26,200
1613403538158,POST,26,200
1613403538158,POST,27,200
1613403538158,POST,27,200
1613403538159,POST,27,200
1613403538185,POST,26,200
1613403538185,POST,26,200
1613403538185,POST,26,200
1613403538185,POST,26,200
1613403538186,POST,27,200
1613403538211,POST,26,200
1613403538211,POST,26,200
1613403538212,POST,25,200
1613403538211,POST,26,200
1613403538213,POST,25,200
1613403538237,POST,25,200
1613403538237,POST,25,200
1613403538237,POST,26,200
1613403538237,POST,26,200
1613403538238,POST,26,200
1613403538263,POST,25,200
1613403538262,POST,26,200
1613403538263,POST,26,200
1613403538263,POST,26,200
1613403538264,POST,26,200
1613403538289,POST,25,200
1613403538289,POST,25,200
1613403538289,POST,25,200
1613403538289,POST,25,200
1613403538290,POST,25,200
1613403538314,POST,26,200
1613403538314,POST,26,200
1613403538315,POST,25,200
1613403538315,POST,26,200
1613403538315,POST,26,200
1613403538341,POST,25,200
1613403538340,POST,26,200
1613403538341,POST,26,200
1613403538341,POST,27,200
1613403538341,POST,27,200
1613403538367,POST,26,200
1613403538366,POST,27,200
1613403538367,POST,26,200
1613403538368,POST,25,200
1613403538368,POST,26,200
1613403538393,POST,25,200
1613403538394,POST,25,200
1613403538395,POST,24,200
1613403538393,POST,26,200
1613403538394,POST,52,200
1613403538420,POST,27,200
1613403538420,POST,27,200
1613403538420,POST,55,200
1613403538447,POST,28,200
1613403538418,POST,57,200
1613403538447,POST,28,200
1613403538447,POST,53,200
1613403538475,POST,25,200
1613403538476,POST,24,200
1613403538476,POST,25,200
1613403538475,POST,26,200
1613403538500,POST,26,200
1613403538500,POST,26,200
1613403538500,POST,26,200
1613403538501,POST,25,200
1613403538501,POST,26,200
1613403538526,POST,22,200
1613403538526,POST,26,200
1613403538527,POST,25,200
1613403538527,POST,25,200
1613403538526,POST,26,200
1613403538552,POST,24,200
1613403538548,POST,28,200
1613403538552,POST,24,200
1613403538552,POST,25,200
1613403538553,POST,23,200
1613403538576,POST,26,200
1613403538576,POST,26,200
1613403538577,POST,26,200
1613403538577,POST,26,200
1613403538577,POST,26,200
1613403538602,POST,28,200
1613403538603,POST,27,200
1613403538603,POST,27,200
1613403538602,POST,28,200
1613403538603,POST,28,200
1613403538631,POST,26,200
1613403538630,POST,27,200
1613403538630,POST,28,200
1613403538631,POST,27,200
1613403538630,POST,28,200
1613403538658,POST,26,200
1613403538658,POST,26,200
1613403538657,POST,27,200
1613403538658,POST,27,200
1613403538658,POST,27,200
1613403538685,POST,25,200
1613403538685,POST,26,200
1613403538685,POST,25,200
1613403538685,POST,25,200
1613403538684,POST,26,200
1613403538716,POST,23,200
1613403538719,POST,25,200
1613403538720,POST,24,200
1613403538719,POST,25,200
1613403538719,POST,25,200
1613403538740,POST,26,200
1613403538744,POST,22,200
1613403538744,POST,23,200
1613403538744,POST,24,200
1613403538744,POST,25,200
1613403538767,POST,25,200
1613403538766,POST,26,200
1613403538766,POST,26,200
1613403538769,POST,23,200
1613403538769,POST,23,200
1613403538793,POST,27,200
1613403538792,POST,28,200
1613403538793,POST,28,200
1613403538792,POST,29,200
1613403538793,POST,28,200
1613403538821,POST,25,200
1613403538821,POST,25,200
1613403538821,POST,25,200
1613403538821,POST,26,200
1613403538821,POST,26,200
1613403538846,POST,25,200
1613403538847,POST,29,200
1613403538847,POST,29,200
1613403538847,POST,29,200
1613403538847,POST,30,200
1613403538871,POST,27,200
1613403538876,POST,22,200
1613403538877,POST,21,200
1613403538877,POST,25,200
1613403538877,POST,29,200
1613403538898,POST,26,200
1613403538898,POST,26,200
1613403538898,POST,26,200
1613403538902,POST,28,200
1613403538906,POST,24,200
1613403538924,POST,26,200
1613403538925,POST,26,200
1613403538930,POST,26,200
1613403538925,POST,31,200
1613403538931,POST,26,200
1613403538950,POST,26,200
1613403538956,POST,24,200
1613403538956,POST,24,200
1613403538957,POST,24,200
1613403538951,POST,30,200
1613403538981,POST,22,200
1613403538976,POST,27,200
1613403538981,POST,22,200
1613403538981,POST,27,200
1613403538981,POST,27,200
1613403539003,POST,25,200
1613403539003,POST,25,200
1613403539004,POST,28,200
1613403539009,POST,23,200
1613403539008,POST,24,200
1613403539029,POST,27,200
1613403539032,POST,24,200
1613403539029,POST,28,200
1613403539033,POST,24,200
1613403539033,POST,25,200
1613403539056,POST,32,200
1613403539057,POST,32,200
1613403539057,POST,32,200
1613403539057,POST,32,200
1613403539058,POST,31,200
1613403539090,POST,25,200
1613403539088,POST,27,200
1613403539090,POST,25,200
1613403539090,POST,25,200
1613403539090,POST,25,200
1613403539115,POST,25,200
1613403539115,POST,25,200
1613403539116,POST,25,200
1613403539116,POST,25,200
1613403539116,POST,25,200
1613403539141,POST,25,200
1613403539141,POST,25,200
1613403539142,POST,25,200
1613403539141,POST,26,200
1613403539142,POST,25,200
1613403539167,POST,25,200
1613403539167,POST,25,200
1613403539167,POST,26,200
1613403539168,POST,25,200
1613403539167,POST,26,200
1613403539193,POST,21,200
1613403539193,POST,25,200
1613403539193,POST,25,200
1613403539193,POST,25,200
1613403539193,POST,26,200
1613403539214,POST,27,200
1613403539219,POST,22,200
1613403539218,POST,23,200
1613403539219,POST,27,200
1613403539219,POST,27,200
1613403539241,POST,25,200
1613403539241,POST,25,200
1613403539246,POST,26,200
1613403539241,POST,31,200
1613403539247,POST,25,200
1613403539266,POST,26,200
1613403539272,POST,24,200
1613403539272,POST,24,200
1613403539267,POST,29,200
1613403539273,POST,24,200
1613403539292,POST,26,200
1613403539296,POST,26,200
1613403539296,POST,26,200
1613403539297,POST,25,200
1613403539297,POST,25,200
1613403539322,POST,22,200
1613403539322,POST,22,200
1613403539318,POST,30,200
1613403539322,POST,29,200
1613403539323,POST,28,200
1613403539345,POST,25,200
1613403539345,POST,29,200
1613403539348,POST,26,200
1613403539351,POST,23,200
1613403539351,POST,23,200
1613403539374,POST,22,200
1613403539374,POST,22,200
1613403539370,POST,26,200
1613403539374,POST,26,200
1613403539374,POST,26,200
1613403539396,POST,30,200
1613403539396,POST,30,200
1613403539396,POST,30,200
1613403539400,POST,27,200
1613403539400,POST,27,200
1613403539426,POST,26,200
1613403539426,POST,26,200
1613403539427,POST,26,200
1613403539427,POST,26,200
1613403539427,POST,26,200
1613403539452,POST,24,200
1613403539453,POST,23,200
1613403539453,POST,23,200
1613403539452,POST,24,200
1613403539453,POST,24,200
1613403539476,POST,26,200
1613403539476,POST,27,200
1613403539477,POST,26,200
1613403539477,POST,26,200
1613403539477,POST,26,200
1613403539502,POST,21,200
1613403539503,POST,25,200
1613403539503,POST,25,200
1613403539503,POST,25,200
1613403539524,POST,25,200
1613403539528,POST,26,200
1613403539528,POST,26,200
1613403539528,POST,26,200
1613403539554,POST,22,200
1613403539550,POST,26,200
1613403539554,POST,22,200
1613403539554,POST,22,200
1613403539576,POST,26,200
1613403539576,POST,27,200
1613403539577,POST,26,200
1613403539577,POST,27,200
1613403539602,POST,26,200
1613403539604,POST,24,200
1613403539604,POST,24,200
1613403539604,POST,24,200
1613403539628,POST,26,200
1613403539628,POST,26,200
1613403539628,POST,26,200
1613403539629,POST,25,200
1613403539654,POST,26,200
1613403539654,POST,26,200
1613403539654,POST,26,200
1613403539654,POST,28,200
1613403539680,POST,26,200
1613403539680,POST,26,200
1613403539680,POST,26,200
1613403539682,POST,25,200
1613403539707,POST,25,200
1613403539707,POST,25,200
1613403539707,POST,25,200
1613403539707,POST,25,200
1613403539732,POST,26,200
1613403539732,POST,26,200
1613403539732,POST,26,200
1613403539733,POST,25,200
1613403539758,POST,26,200
1613403539758,POST,26,200
1613403539758,POST,26,200
1613403539758,POST,26,200
1613403539784,POST,26,200
1613403539784,POST,26,200
1613403539785,POST,25,200
1613403539784,POST,26,200
1613403539810,POST,26,200
1613403539811,POST,25,200
1613403539810,POST,26,200
1613403539810,POST,26,200
1613403539836,POST,26,200
1613403539837,POST,25,200
1613403539836,POST,26,200
1613403539837,POST,25,200
1613403539862,POST,29,200
1613403539862,POST,29,200
1613403539862,POST,29,200
1613403539863,POST,28,200
1613403539891,POST,25,200
1613403539891,POST,25,200
1613403539892,POST,24,200
1613403539892,POST,24,200
1613403539916,POST,26,200
1613403539917,POST,25,200
1613403539916,POST,26,200
1613403539916,POST,26,200
1613403539942,POST,26,200
1613403539942,POST,26,200
1613403539942,POST,27,200
1613403539943,POST,26,200
1613403539968,POST,26,200
1613403539968,POST,26,200
1613403539969,POST,25,200
1613403539969,POST,25,200
1613403539994,POST,28,200
1613403539995,POST,27,200
1613403539994,POST,28,200
1613403539995,POST,27,200
1613403540022,POST,29,200
1613403540022,POST,30,200
1613403540022,POST,30,200
1613403540022,POST,30,200
1613403540052,POST,28,200
1613403540052,POST,29,200
1613403540052,POST,29,200
1613403540052,POST,29,200
1613403540080,POST,26,200
1613403540081,POST,25,200
1613403540081,POST,25,200
1613403540081,POST,28,200
1613403540106,POST,26,200
1613403540109,POST,23,200
1613403540106,POST,26,200
1613403540107,POST,25,200
1613403540132,POST,26,200
1613403540132,POST,26,200
1613403540132,POST,26,200
1613403540132,POST,26,200
1613403540158,POST,26,200
1613403540159,POST,25,200
1613403540159,POST,25,200
1613403540159,POST,26,200
1613403540184,POST,26,200
1613403540184,POST,26,200
1613403540184,POST,26,200
1613403540185,POST,25,200
1613403540211,POST,25,200
1613403540210,POST,26,200
1613403540210,POST,26,200
1613403540211,POST,25,200
1613403540236,POST,26,200
1613403540236,POST,26,200
1613403540237,POST,25,200
1613403540237,POST,25,200
1613403540262,POST,26,200
1613403540262,POST,26,200
1613403540262,POST,26,200
1613403540263,POST,25,200
1613403540288,POST,26,200
1613403540289,POST,25,200
1613403540289,POST,26,200
1613403540288,POST,27,200
1613403540315,POST,27,200
1613403540315,POST,27,200
1613403540315,POST,27,200
1613403540315,POST,27,200
1613403540342,POST,29,200
1613403540342,POST,30,200
1613403540342,POST,30,200
1613403540342,POST,30,200
1613403540371,POST,27,200
1613403540372,POST,26,200
1613403540372,POST,26,200
1613403540372,POST,27,200
1613403540399,POST,25,200
1613403540399,POST,25,200
1613403540398,POST,26,200
1613403540399,POST,26,200
1613403540425,POST,25,200
1613403540424,POST,26,200
1613403540425,POST,25,200
1613403540425,POST,26,200
1613403540451,POST,25,200
1613403540450,POST,27,200
1613403540451,POST,25,200
1613403540451,POST,26,200
1613403540477,POST,27,200
1613403540477,POST,28,200
1613403540477,POST,27,200
1613403540477,POST,49,200
1613403540505,POST,25,200
1613403540505,POST,25,200
1613403540505,POST,25,200
1613403540527,POST,22,200
1613403540530,POST,24,200
1613403540530,POST,25,200
1613403540530,POST,25,200
1613403540549,POST,25,200
1613403540555,POST,23,200
1613403540555,POST,23,200
1613403540555,POST,23,200
1613403540574,POST,26,200
1613403540578,POST,26,200
1613403540579,POST,25,200
1613403540579,POST,25,200
1613403540600,POST,24,200
1613403540604,POST,24,200
1613403540604,POST,24,200
1613403540605,POST,23,200
1613403540624,POST,26,200
1613403540628,POST,26,200
1613403540629,POST,25,200
1613403540629,POST,26,200
1613403540650,POST,27,200
1613403540655,POST,27,200
1613403540654,POST,28,200
1613403540655,POST,27,200
1613403540677,POST,27,200
1613403540683,POST,24,200
1613403540682,POST,25,200
1613403540682,POST,25,200
1613403540707,POST,23,200
1613403540704,POST,26,200
1613403540707,POST,24,200
1613403540707,POST,29,200
1613403540730,POST,22,200
1613403540731,POST,29,200
1613403540730,POST,30,200
1613403540736,POST,28,200
1613403540752,POST,26,200
1613403540761,POST,21,200
1613403540761,POST,25,200
1613403540764,POST,22,200
1613403540778,POST,26,200
1613403540786,POST,25,200
1613403540782,POST,29,200
1613403540786,POST,30,200
1613403540804,POST,25,200
1613403540812,POST,22,200
1613403540812,POST,22,200
1613403540816,POST,25,200
1613403540829,POST,27,200
1613403540834,POST,26,200
1613403540834,POST,29,200
1613403540842,POST,21,200
1613403540856,POST,26,200
1613403540864,POST,22,200
1613403540864,POST,22,200
1613403540860,POST,26,200
1613403540882,POST,26,200
1613403540886,POST,26,200
1613403540887,POST,25,200
1613403540887,POST,28,200
1613403540912,POST,22,200
1613403540908,POST,26,200
1613403540915,POST,25,200
1613403540912,POST,28,200
1613403540935,POST,26,200
1613403540934,POST,27,200
1613403540940,POST,24,200
1613403540940,POST,24,200
1613403540962,POST,29,200
1613403540964,POST,27,200
1613403540964,POST,27,200
1613403540962,POST,29,200
1613403540991,POST,26,200
1613403540991,POST,26,200
1613403540991,POST,27,200
1613403540991,POST,27,200
1613403541018,POST,28,200
1613403541018,POST,28,200
1613403541017,POST,29,200
1613403541018,POST,28,200
1613403541046,POST,26,200
1613403541046,POST,26,200
1613403541046,POST,26,200
1613403541046,POST,54,200
1613403541072,POST,29,200
1613403541072,POST,29,200
1613403541101,POST,25,200
1613403541073,POST,53,200
1613403541101,POST,25,200
1613403541101,POST,58,200
1613403541127,POST,32,200
1613403541126,POST,34,200
1613403541127,POST,33,200
1613403541160,POST,26,200
1613403541160,POST,26,200
1613403541160,POST,26,200
1613403541160,POST,26,200
1613403541186,POST,27,200
1613403541186,POST,27,200
1613403541187,POST,26,200
1613403541186,POST,27,200
1613403541214,POST,29,200
1613403541213,POST,30,200
1613403541213,POST,30,200
1613403541213,POST,30,200
1613403541243,POST,26,200
1613403541244,POST,25,200
1613403541243,POST,27,200
1613403541243,POST,27,200
1613403541269,POST,25,200
1613403541270,POST,24,200
1613403541270,POST,24,200
1613403541270,POST,24,200
1613403541294,POST,26,200
1613403541294,POST,26,200
1613403541294,POST,27,200
1613403541295,POST,26,200
1613403541320,POST,26,200
1613403541320,POST,26,200
1613403541321,POST,25,200
1613403541321,POST,26,200
1613403541346,POST,28,200
1613403541346,POST,28,200
1613403541347,POST,28,200
1613403541347,POST,28,200
1613403541375,POST,28,200
1613403541374,POST,30,200
1613403541375,POST,29,200
1613403541374,POST,30,200
1613403541403,POST,27,200
1613403541404,POST,27,200
1613403541404,POST,27,200
1613403541404,POST,27,200
1613403541430,POST,26,200
1613403541431,POST,25,200
1613403541431,POST,25,200
1613403541431,POST,25,200
1613403541457,POST,27,200
1613403541456,POST,28,200
1613403541457,POST,27,200
1613403541456,POST,29,200
1613403541485,POST,26,200
1613403541484,POST,27,200
1613403541485,POST,31,200
1613403541485,POST,31,200
1613403541511,POST,25,200
1613403541511,POST,29,200
1613403541516,POST,24,200
1613403541516,POST,24,200
1613403541541,POST,27,200
1613403541536,POST,33,200
1613403541540,POST,29,200
1613403541540,POST,29,200
1613403541568,POST,33,200
1613403541569,POST,32,200
1613403541569,POST,32,200
1613403541570,POST,31,200
1613403541601,POST,25,200
1613403541601,POST,25,200
1613403541601,POST,26,200
1613403541601,POST,26,200
1613403541627,POST,25,200
1613403541627,POST,25,200
1613403541627,POST,25,200
1613403541627,POST,26,200
1613403541653,POST,27,200
1613403541652,POST,29,200
1613403541653,POST,28,200
1613403541653,POST,28,200
1613403541681,POST,25,200
1613403541681,POST,25,200
1613403541680,POST,26,200
1613403541681,POST,26,200
1613403541707,POST,27,200
1613403541707,POST,27,200
1613403541707,POST,27,200
1613403541706,POST,28,200
1613403541734,POST,28,200
1613403541735,POST,27,200
1613403541734,POST,28,200
1613403541734,POST,28,200
1613403541762,POST,26,200
1613403541763,POST,25,200
1613403541763,POST,25,200
1613403541762,POST,26,200
1613403541788,POST,29,200
1613403541788,POST,29,200
1613403541789,POST,29,200
1613403541788,POST,30,200
1613403541818,POST,26,200
1613403541818,POST,26,200
1613403541818,POST,27,200
1613403541818,POST,27,200
1613403541845,POST,26,200
1613403541844,POST,27,200
1613403541845,POST,26,200
1613403541845,POST,26,200
1613403541871,POST,26,200
1613403541871,POST,26,200
1613403541871,POST,26,200
1613403541871,POST,26,200
1613403541897,POST,26,200
1613403541897,POST,26,200
1613403541897,POST,26,200
1613403541898,POST,25,200
1613403541924,POST,25,200
1613403541924,POST,25,200
1613403541923,POST,26,200
1613403541923,POST,26,200
1613403541949,POST,25,200
1613403541949,POST,25,200
1613403541949,POST,25,200
1613403541949,POST,26,200
1613403541974,POST,26,200
1613403541975,POST,25,200
1613403541975,POST,26,200
1613403541975,POST,26,200
1613403542000,POST,29,200
1613403542001,POST,28,200
1613403542001,POST,29,200
1613403542001,POST,29,200
1613403542029,POST,27,200
1613403542029,POST,27,200
1613403542030,POST,26,200
1613403542030,POST,27,200
1613403542056,POST,27,200
1613403542057,POST,26,200
1613403542057,POST,26,200
1613403542057,POST,26,200
1613403542083,POST,28,200
1613403542084,POST,27,200
1613403542083,POST,29,200
1613403542084,POST,28,200
1613403542112,POST,24,200
1613403542112,POST,25,200
1613403542112,POST,25,200
1613403542112,POST,25,200
1613403542137,POST,26,200
1613403542137,POST,26,200
1613403542137,POST,27,200
1613403542137,POST,27,200
1613403542163,POST,25,200
1613403542163,POST,26,200
1613403542164,POST,25,200
1613403542164,POST,25,200
1613403542189,POST,25,200
1613403542189,POST,26,200
1613403542189,POST,26,200
1613403542188,POST,27,200
1613403542215,POST,25,200
1613403542214,POST,26,200
1613403542215,POST,26,200
1613403542215,POST,25,200
1613403542240,POST,28,200
1613403542241,POST,27,200
1613403542241,POST,28,200
1613403542241,POST,27,200
1613403542268,POST,22,200
1613403542269,POST,25,200
1613403542269,POST,25,200
1613403542269,POST,31,200
1613403542290,POST,25,200
1613403542294,POST,26,200
1613403542294,POST,29,200
1613403542300,POST,24,200
1613403542320,POST,21,200
1613403542315,POST,26,200
1613403542324,POST,22,200
1613403542324,POST,22,200
1613403542341,POST,27,200
1613403542342,POST,26,200
1613403542346,POST,22,200
1613403542346,POST,22,200
1613403542368,POST,26,200
1613403542369,POST,26,200
1613403542368,POST,27,200
1613403542368,POST,27,200
1613403542395,POST,27,200
1613403542394,POST,28,200
1613403542395,POST,27,200
1613403542395,POST,27,200
1613403542423,POST,25,200
1613403542423,POST,25,200
1613403542422,POST,26,200
1613403542422,POST,26,200
1613403542448,POST,26,200
1613403542448,POST,26,200
1613403542449,POST,25,200
1613403542448,POST,26,200
1613403542474,POST,22,200
1613403542475,POST,26,200
1613403542474,POST,27,200
1613403542475,POST,27,200
1613403542497,POST,24,200
1613403542502,POST,23,200
1613403542502,POST,24,200
1613403542502,POST,24,200
1613403542526,POST,22,200
1613403542522,POST,26,200
1613403542526,POST,22,200
1613403542526,POST,26,200
1613403542548,POST,26,200
1613403542548,POST,26,200
1613403542552,POST,22,200
1613403542548,POST,26,200
1613403542574,POST,26,200
1613403542574,POST,26,200
1613403542574,POST,26,200
1613403542575,POST,25,200
1613403542600,POST,27,200
1613403542600,POST,27,200
1613403542600,POST,27,200
1613403542600,POST,27,200
1613403542627,POST,29,200
1613403542627,POST,29,200
1613403542627,POST,29,200
1613403542627,POST,29,200
1613403542656,POST,26,200
1613403542657,POST,25,200
1613403542656,POST,26,200
1613403542656,POST,26,200
1613403542682,POST,26,200
1613403542682,POST,26,200
1613403542682,POST,26,200
1613403542683,POST,25,200
1613403542708,POST,27,200
1613403542709,POST,26,200
1613403542708,POST,27,200
1613403542708,POST,27,200
1613403542736,POST,25,200
1613403542735,POST,26,200
1613403542735,POST,26,200
1613403542736,POST,25,200
1613403542761,POST,25,200
1613403542761,POST,25,200
1613403542762,POST,24,200
1613403542761,POST,25,200
1613403542786,POST,26,200
1613403542786,POST,26,200
1613403542786,POST,27,200
1613403542786,POST,26,200
1613403542813,POST,24,200
1613403542812,POST,25,200
1613403542813,POST,24,200
1613403542813,POST,25,200
1613403542837,POST,24,200
1613403542838,POST,28,200
1613403542837,POST,30,200
1613403542838,POST,29,200
1613403542861,POST,25,200
1613403542867,POST,23,200
1613403542867,POST,23,200
1613403542867,POST,24,200
1613403542886,POST,26,200
1613403542890,POST,22,200
1613403542891,POST,25,200
1613403542891,POST,25,200
1613403542916,POST,24,200
1613403542912,POST,28,200
1613403542912,POST,30,200
1613403542917,POST,25,200
1613403542941,POST,21,200
1613403542942,POST,24,200
1613403542941,POST,25,200
1613403542942,POST,24,200
1613403542966,POST,23,200
1613403542963,POST,31,200
1613403542966,POST,28,200
1613403542967,POST,27,200
1613403542989,POST,27,200
1613403542994,POST,22,200
1613403542994,POST,26,200
1613403542994,POST,26,200
1613403543020,POST,22,200
1613403543017,POST,25,200
1613403543020,POST,22,200
1613403543017,POST,25,200
1613403543042,POST,26,200
1613403543043,POST,25,200
1613403543042,POST,28,200
1613403543043,POST,27,200
1613403543069,POST,26,200
1613403543069,POST,26,200
1613403543070,POST,25,200
1613403543070,POST,25,200
1613403543095,POST,23,200
1613403543095,POST,23,200
1613403543096,POST,23,200
1613403543096,POST,23,200
1613403543118,POST,24,200
1613403543119,POST,24,200
1613403543119,POST,24,200
1613403543119,POST,24,200
1613403543142,POST,26,200
1613403543143,POST,26,200
1613403543144,POST,25,200
1613403543169,POST,25,200
1613403543143,POST,51,200
1613403543169,POST,26,200
1613403543169,POST,26,200
1613403543194,POST,26,200
1613403543195,POST,26,200
1613403543195,POST,26,200
1613403543195,POST,26,200
1613403543220,POST,26,200
1613403543221,POST,25,200
1613403543221,POST,25,200
1613403543221,POST,31,200
1613403543246,POST,26,200
1613403543247,POST,25,200
1613403543247,POST,29,200
1613403543252,POST,24,200
1613403543272,POST,30,200
1613403543276,POST,27,200
1613403543276,POST,27,200
1613403543272,POST,31,200
1613403543302,POST,26,200
1613403543303,POST,25,200
1613403543303,POST,25,200
1613403543303,POST,26,200
1613403543328,POST,26,200
1613403543329,POST,25,200
1613403543328,POST,26,200
1613403543329,POST,26,200
1613403543354,POST,26,200
1613403543355,POST,25,200
1613403543355,POST,25,200
1613403543355,POST,25,200
1613403543380,POST,25,200
1613403543380,POST,26,200
1613403543381,POST,25,200
1613403543380,POST,27,200
1613403543406,POST,30,200
1613403543406,POST,30,200
1613403543406,POST,30,200
1613403543407,POST,29,200
1613403543436,POST,26,200
1613403543436,POST,26,200
1613403543436,POST,26,200
1613403543436,POST,26,200
1613403543462,POST,27,200
1613403543462,POST,27,200
1613403543462,POST,27,200
1613403543462,POST,27,200
1613403543489,POST,25,200
1613403543489,POST,26,200
1613403543489,POST,26,200
1613403543489,POST,26,200
1613403543515,POST,25,200
1613403543515,POST,25,200
1613403543515,POST,25,200
1613403543515,POST,25,200
1613403543540,POST,22,200
1613403543540,POST,22,200
1613403543541,POST,24,200
1613403543540,POST,26,200
1613403543562,POST,26,200
1613403543562,POST,26,200
1613403543566,POST,22,200
1613403543565,POST,23,200
1613403543588,POST,26,200
1613403543588,POST,26,200
1613403543588,POST,26,200
1613403543588,POST,26,200
1613403543614,POST,26,200
1613403543614,POST,26,200
1613403543614,POST,26,200
1613403543614,POST,26,200
1613403543640,POST,25,200
1613403543641,POST,25,200
1613403543641,POST,25,200
1613403543641,POST,25,200
1613403543666,POST,26,200
1613403543666,POST,27,200
1613403543666,POST,27,200
1613403543666,POST,27,200
1613403543693,POST,24,200
1613403543693,POST,25,200
1613403543693,POST,25,200
1613403543693,POST,25,200
1613403543718,POST,22,200
1613403543719,POST,25,200
1613403543718,POST,26,200
1613403543744,POST,22,200
1613403543718,POST,52,200
1613403543744,POST,26,200
1613403543766,POST,26,200
1613403543771,POST,26,200
1613403543740,POST,57,200
1613403543792,POST,25,200
1613403543797,POST,25,200
1613403543797,POST,25,200
1613403543771,POST,51,200
1613403543822,POST,22,200
1613403543818,POST,26,200
1613403543822,POST,29,200
1613403543823,POST,28,200
1613403543844,POST,28,200
1613403543844,POST,30,200
1613403543851,POST,23,200
1613403543851,POST,23,200
1613403543874,POST,24,200
1613403543872,POST,26,200
1613403543874,POST,24,200
1613403543874,POST,24,200
1613403543899,POST,26,200
1613403543898,POST,27,200
1613403543898,POST,27,200
1613403543898,POST,27,200
1613403543925,POST,25,200
1613403543925,POST,25,200
1613403543926,POST,24,200
1613403543925,POST,25,200
1613403543950,POST,27,200
1613403543951,POST,26,200
1613403543950,POST,27,200
1613403543951,POST,26,200
1613403543978,POST,24,200
1613403543977,POST,25,200
1613403543978,POST,24,200
1613403543977,POST,25,200
1613403544002,POST,29,200
1613403544002,POST,29,200
1613403544003,POST,28,200
1613403544003,POST,28,200
1613403544031,POST,25,200
1613403544032,POST,24,200
1613403544032,POST,24,200
1613403544032,POST,25,200
1613403544057,POST,25,200
1613403544057,POST,25,200
1613403544057,POST,26,200
1613403544056,POST,27,200
1613403544083,POST,25,200
1613403544082,POST,26,200
1613403544083,POST,25,200
1613403544083,POST,26,200
1613403544109,POST,25,200
1613403544109,POST,26,200
1613403544108,POST,26,200
1613403544109,POST,26,200
1613403544135,POST,26,200
1613403544135,POST,26,200
1613403544135,POST,26,200
1613403544136,POST,25,200
1613403544161,POST,25,200
1613403544161,POST,25,200
1613403544161,POST,25,200
1613403544161,POST,25,200
1613403544186,POST,26,200
1613403544187,POST,25,200
1613403544187,POST,25,200
1613403544186,POST,26,200
1613403544213,POST,25,200
1613403544213,POST,25,200
1613403544212,POST,26,200
1613403544239,POST,23,200
1613403544238,POST,24,200
1613403544238,POST,25,200
1613403544263,POST,25,200
1613403544262,POST,26,200
1613403544263,POST,25,200
1613403544288,POST,28,200
1613403544288,POST,28,200
1613403544289,POST,28,200
1613403544317,POST,27,200
1613403544317,POST,27,200
1613403544317,POST,28,200
1613403544345,POST,26,200
1613403544345,POST,26,200
1613403544345,POST,26,200
1613403544371,POST,25,200
1613403544371,POST,25,200
1613403544371,POST,25,200
1613403544397,POST,25,200
1613403544397,POST,25,200
1613403544397,POST,25,200
1613403544422,POST,30,200
1613403544423,POST,29,200
1613403544423,POST,29,200
1613403544452,POST,27,200
1613403544452,POST,27,200
1613403544452,POST,27,200
1613403544479,POST,26,200
1613403544479,POST,26,200
1613403544479,POST,26,200
1613403544506,POST,25,200
1613403544505,POST,26,200
1613403544505,POST,27,200
1613403544532,POST,22,200
1613403544532,POST,26,200
1613403544532,POST,26,200
1613403544554,POST,26,200
1613403544558,POST,23,200
1613403544559,POST,22,200
1613403544581,POST,25,200
1613403544581,POST,25,200
1613403544580,POST,26,200
1613403544607,POST,25,200
1613403544606,POST,26,200
1613403544607,POST,26,200
1613403544632,POST,26,200
1613403544633,POST,26,200
1613403544633,POST,26,200
1613403544659,POST,25,200
1613403544659,POST,25,200
1613403544659,POST,25,200
1613403544685,POST,25,200
1613403544685,POST,25,200
1613403544685,POST,26,200
1613403544710,POST,26,200
1613403544711,POST,26,200
1613403544711,POST,25,200
1613403544737,POST,25,200
1613403544737,POST,25,200
1613403544737,POST,25,200
1613403544787,POST,21,200
1613403544787,POST,25,200
1613403544787,POST,25,200
1613403544808,POST,26,200
1613403544812,POST,26,200
1613403544813,POST,25,200
1613403544834,POST,26,200
1613403544838,POST,26,200
1613403544838,POST,26,200
1613403544860,POST,31,200
1613403544864,POST,27,200
1613403544864,POST,27,200
1613403544891,POST,25,200
1613403544891,POST,25,200
1613403544891,POST,26,200
1613403544916,POST,27,200
1613403544916,POST,27,200
1613403544917,POST,26,200
1613403544943,POST,27,200
1613403544943,POST,27,200
1613403544943,POST,27,200
1613403544970,POST,27,200
1613403544970,POST,27,200
1613403544971,POST,26,200
1613403544997,POST,25,200
1613403544997,POST,25,200
1613403544997,POST,25,200
1613403545023,POST,28,200
1613403545022,POST,29,200
1613403545023,POST,29,200
1613403545052,POST,24,200
1613403545051,POST,27,200
1613403545052,POST,26,200
1613403545077,POST,24,200
1613403545078,POST,26,200
1613403545078,POST,26,200
1613403545101,POST,25,200
1613403545104,POST,26,200
1613403545104,POST,26,200
1613403545130,POST,22,200
1613403545130,POST,22,200
1613403545126,POST,26,200
1613403545153,POST,23,200
1613403545153,POST,23,200
1613403545152,POST,24,200
1613403545177,POST,25,200
1613403545177,POST,25,200
1613403545177,POST,25,200
1613403545203,POST,25,200
1613403545202,POST,26,200
1613403545202,POST,26,200
1613403545228,POST,26,200
1613403545229,POST,26,200
1613403545228,POST,27,200
1613403545255,POST,25,200
1613403545255,POST,25,200
1613403545254,POST,26,200
1613403545281,POST,25,200
1613403545281,POST,25,200
1613403545281,POST,25,200
1613403545306,POST,26,200
1613403545307,POST,25,200
1613403545307,POST,25,200
1613403545333,POST,24,200
1613403545333,POST,25,200
1613403545333,POST,24,200
1613403545358,POST,27,200
1613403545358,POST,27,200
1613403545358,POST,28,200
1613403545385,POST,27,200
1613403545386,POST,28,200
1613403545386,POST,29,200
1613403545414,POST,24,200
1613403545415,POST,24,200
1613403545412,POST,26,200
1613403545439,POST,26,200
1613403545439,POST,26,200
1613403545439,POST,26,200
1613403545466,POST,24,200
1613403545465,POST,26,200
1613403545465,POST,25,200
1613403545491,POST,25,200
1613403545491,POST,25,200
1613403545491,POST,26,200
1613403545517,POST,25,200
1613403545517,POST,26,200
1613403545517,POST,25,200
1613403545543,POST,26,200
1613403545543,POST,26,200
1613403545543,POST,27,200
1613403545570,POST,27,200
1613403545571,POST,26,200
1613403545570,POST,27,200
1613403545597,POST,25,200
1613403545597,POST,26,200
1613403545597,POST,26,200
1613403545623,POST,26,200
1613403545623,POST,26,200
1613403545623,POST,26,200
1613403545649,POST,26,200
1613403545649,POST,26,200
1613403545649,POST,26,200
1613403545675,POST,26,200
1613403545675,POST,26,200
1613403545675,POST,26,200
1613403545701,POST,26,200
1613403545701,POST,26,200
1613403545701,POST,26,200
1613403545727,POST,28,200
1613403545727,POST,28,200
1613403545727,POST,29,200
1613403545755,POST,32,200
1613403545756,POST,33,200
1613403545756,POST,34,200
1613403545789,POST,23,200
1613403545790,POST,23,200
1613403545788,POST,24,200
1613403545813,POST,23,200
1613403545813,POST,23,200
1613403545813,POST,27,200
1613403545836,POST,22,200
1613403545840,POST,22,200
1613403545836,POST,26,200
1613403545858,POST,27,200
1613403545862,POST,26,200
1613403545862,POST,27,200
1613403545885,POST,31,200
1613403545888,POST,29,200
1613403545889,POST,28,200
1613403545916,POST,27,200
1613403545917,POST,27,200
1613403545917,POST,27,200
1613403545944,POST,26,200
1613403545944,POST,27,200
1613403545944,POST,26,200
1613403545971,POST,25,200
1613403545971,POST,25,200
1613403545971,POST,25,200
1613403545996,POST,26,200
1613403545996,POST,26,200
1613403545997,POST,26,200
1613403546023,POST,25,200
1613403546022,POST,27,200
1613403546023,POST,25,200
1613403546049,POST,27,200
1613403546049,POST,27,200
1613403546049,POST,28,200
1613403546076,POST,28,200
1613403546077,POST,27,200
1613403546076,POST,28,200
1613403546105,POST,25,200
1613403546104,POST,26,200
1613403546105,POST,26,200
1613403546130,POST,26,200
1613403546131,POST,25,200
1613403546131,POST,26,200
1613403546157,POST,25,200
1613403546156,POST,26,200
1613403546157,POST,25,200
1613403546182,POST,26,200
1613403546182,POST,26,200
1613403546183,POST,25,200
1613403546208,POST,26,200
1613403546208,POST,26,200
1613403546209,POST,28,200
1613403546234,POST,26,200
1613403546238,POST,22,200
1613403546234,POST,26,200
1613403546260,POST,26,200
1613403546260,POST,26,200
1613403546260,POST,26,200
1613403546286,POST,26,200
1613403546286,POST,26,200
1613403546287,POST,25,200
1613403546312,POST,26,200
1613403546313,POST,25,200
1613403546313,POST,25,200
1613403546339,POST,25,200
1613403546338,POST,26,200
1613403546338,POST,26,200
1613403546364,POST,26,200
1613403546365,POST,25,200
1613403546364,POST,26,200
1613403546390,POST,26,200
1613403546391,POST,25,200
1613403546417,POST,25,200
1613403546390,POST,55,200
1613403546416,POST,55,200
1613403546445,POST,27,200
1613403546442,POST,51,200
1613403546471,POST,33,200
1613403546472,POST,32,200
1613403546493,POST,23,200
1613403546504,POST,28,200
1613403546506,POST,27,200
1613403546516,POST,26,200
1613403546532,POST,25,200
1613403546533,POST,28,200
1613403546543,POST,25,200
1613403546557,POST,24,200
1613403546562,POST,24,200
1613403546568,POST,25,200
1613403546582,POST,25,200
1613403546586,POST,27,200
1613403546594,POST,21,200
1613403546608,POST,25,200
1613403546615,POST,23,200
1613403546613,POST,25,200
1613403546638,POST,24,200
1613403546634,POST,28,200
1613403546638,POST,25,200
1613403546663,POST,25,200
1613403546663,POST,25,200
1613403546663,POST,25,200
1613403546688,POST,26,200
1613403546688,POST,26,200
1613403546689,POST,25,200
1613403546714,POST,24,200
1613403546714,POST,24,200
1613403546714,POST,24,200
1613403546738,POST,26,200
1613403546738,POST,26,200
1613403546739,POST,25,200
1613403546764,POST,26,200
1613403546764,POST,26,200
1613403546764,POST,26,200
1613403546790,POST,27,200
1613403546790,POST,27,200
1613403546791,POST,27,200
1613403546817,POST,27,200
1613403546817,POST,27,200
1613403546818,POST,27,200
1613403546844,POST,24,200
1613403546844,POST,24,200
1613403546845,POST,29,200
1613403546869,POST,25,200
1613403546869,POST,25,200
1613403546875,POST,23,200
1613403546894,POST,26,200
1613403546894,POST,26,200
1613403546899,POST,25,200
1613403546921,POST,25,200
1613403546921,POST,25,200
1613403546925,POST,26,200
1613403546946,POST,26,200
1613403546946,POST,26,200
1613403546951,POST,26,200
1613403546972,POST,26,200
1613403546973,POST,25,200
1613403546977,POST,25,200
1613403546998,POST,22,200
1613403546998,POST,26,200
1613403547003,POST,29,200
1613403547024,POST,22,200
1613403547020,POST,26,200
1613403547032,POST,26,200
1613403547047,POST,25,200
1613403547047,POST,25,200
1613403547059,POST,25,200
1613403547072,POST,28,200
1613403547072,POST,28,200
1613403547085,POST,26,200
1613403547100,POST,27,200
1613403547101,POST,30,200
1613403547111,POST,25,200
1613403547127,POST,37,200
1613403547137,POST,27,200
1613403547131,POST,33,200
1613403547164,POST,22,200
1613403547164,POST,22,200
1613403547164,POST,23,200
1613403547186,POST,30,200
1613403547186,POST,30,200
1613403547187,POST,30,200
1613403547216,POST,26,200
1613403547217,POST,26,200
1613403547217,POST,25,200
1613403547243,POST,25,200
1613403547243,POST,25,200
1613403547243,POST,26,200
1613403547269,POST,25,200
1613403547268,POST,26,200
1613403547269,POST,26,200
1613403547295,POST,25,200
1613403547294,POST,30,200
1613403547295,POST,29,200
1613403547324,POST,24,200
1613403547320,POST,28,200
1613403547324,POST,24,200
1613403547348,POST,26,200
1613403547349,POST,25,200
1613403547349,POST,26,200
1613403547374,POST,26,200
1613403547374,POST,26,200
1613403547375,POST,25,200
1613403547400,POST,26,200
1613403547400,POST,26,200
1613403547400,POST,26,200
1613403547426,POST,27,200
1613403547426,POST,27,200
1613403547426,POST,27,200
1613403547453,POST,25,200
1613403547453,POST,25,200
1613403547453,POST,25,200
1613403547478,POST,26,200
1613403547478,POST,26,200
